{"cameraMode":{"drawMode":0,"name":"Shaded","section":"Shading Mode"},"sceneLighting":false,"audioPlay":false,"sceneViewState":{"showFog":true,"showMaterialUpdate":false,"showSkybox":true,"showFlares":true,"showImageEffects":true,"showParticleSystems":true},"in2DMode":false,"pivot":{"x":0.027937740087509157,"y":0.13568136096000672,"z":-1.089367389678955},"rotation":{"x":0.3646162152290344,"y":-0.16819314658641816,"z":0.06714232265949249,"w":0.9133772253990173},"size":0.4942059814929962,"orthographic":false}